{"cameraMode":{"drawMode":0,"name":"Shaded","section":"Shading Mode"},"sceneLighting":true,"audioPlay":false,"sceneViewState":{"showFog":true,"showMaterialUpdate":false,"showSkybox":true,"showFlares":true,"showImageEffects":true,"showParticleSystems":true},"in2DMode":false,"pivot":{"x":-2.134223461151123,"y":0.9756051301956177,"z":0.18914556503295899},"rotation":{"x":0.005392355378717184,"y":0.9125221967697144,"z":0.012037533335387707,"w":-0.40881985425949099},"size":3.6000170707702638,"orthographic":false}